1,0,3,700,2,242,3,635,2401205,0.18,1.06,1.54,2
1,0,3,649,2,250,3,646,2401477,0.2,1.13,1.35,2
1,0,3,655,2,237,3,630,2401710,0.24,1.14,1.18,2
1,0,3,716,2,126,3,631,2401973,0.26,1.13,1.16,2
1,0,3,649,2,232,3,637,2402269,0.27,1.1,1.13,2
1,0,3,652,2,231,3,671,2402503,0.27,1.03,1.11,2
1,0,3,657,2,111,3,652,2402750,0.27,0.98,1.12,2
1,0,3,663,2,152,3,647,2403036,0.26,0.94,1.14,2
1,0,3,655,2,116,3,644,2403313,0.27,0.84,1.21,2
1,0,3,625,2,223,3,646,2403549,0.32,0.77,1.33,2
1,0,3,634,2,220,3,645,2403843,0.37,0.77,1.38,2
1,0,3,633,2,216,3,651,2404092,0.4,0.77,1.33,2
1,0,3,660,2,213,3,657,2404375,0.46,0.8,1.27,2
1,0,3,642,2,89,3,645,2404618,0.5,0.83,1.24,2
1,0,3,600,2,203,3,639,2404895,0.54,0.83,1.2,2
1,0,3,640,2,99,3,639,2405135,0.58,0.83,1.2,2
1,0,3,632,2,208,3,632,2405410,0.59,0.83,1.21,2
1,0,3,636,2,118,3,641,2405666,0.59,0.83,1.31,2
1,0,3,592,2,173,3,638,2405919,0.61,0.83,1.43,2
1,0,3,620,2,215,3,637,2406182,0.63,0.84,1.46,2
1,0,3,590,2,105,3,641,2406423,0.65,0.86,1.43,2
1,0,3,610,2,105,3,641,2406678,0.7,0.87,1.4,2
1,0,3,588,2,218,3,641,2406975,0.77,0.87,1.4,2
1,0,3,595,2,224,3,650,2407252,0.84,0.87,1.35,2
1,0,3,598,2,218,3,662,2407511,0.88,0.88,1.31,2
1,0,3,597,2,220,3,678,2407774,0.93,0.89,1.3,2
1,0,3,595,2,217,3,675,2408052,0.98,0.89,1.16,2
1,0,3,576,2,234,3,671,2408343,1.04,0.89,0.92,2
1,0,3,581,2,236,3,667,2408617,1.1,0.86,0.79,2
1,0,3,561,2,131,3,681,2408857,1.13,0.82,0.78,2
1,0,3,550,2,137,3,675,2409111,1.19,0.8,0.78,2
1,0,3,559,2,181,3,676,2409401,1.23,0.77,0.83,2
1,0,3,560,2,190,3,677,2409646,1.28,0.72,0.95,2
1,0,3,562,2,193,3,676,2409878,1.32,0.68,1.06,2
1,0,3,552,2,81,3,664,2410165,1.34,0.66,1.11,2
1,0,3,549,2,213,3,663,2410441,1.35,0.65,1.14,2
1,0,3,551,2,211,3,668,2410709,1.37,0.66,1.15,2
1,0,3,545,2,206,3,666,2411001,1.39,0.68,1.14,2
1,0,3,534,2,204,3,681,2411235,1.41,0.72,1.12,2
1,0,3,528,2,215,3,681,2411521,1.45,0.76,1.11,2
1,0,3,580,2,109,3,680,2411813,1.5,0.78,1.07,2
1,0,3,576,2,231,3,685,2412096,1.52,0.78,1.01,2
1,0,3,574,2,229,3,685,2412360,1.52,0.74,0.95,2
1,0,3,562,2,210,3,561,2412600,1.49,0.69,0.95,2
1,0,3,550,2,183,3,683,2412860,1.44,0.69,0.98,2
1,0,3,557,2,110,3,572,2413117,1.39,0.81,0.98,2
1,0,3,553,2,205,3,681,2413363,1.38,0.96,0.98,2
1,0,3,513,2,209,3,686,2413658,1.39,0.99,1.06,2
1,0,3,513,2,202,3,689,2413923,1.4,0.99,1.14,2
1,0,3,494,2,121,3,679,2414195,1.47,0.94,1.14,2
1,0,3,471,2,213,3,683,2414476,1.58,0.89,1.12,2
1,0,3,502,2,208,3,685,2414757,1.72,0.79,1.11,2
1,0,3,506,2,209,3,678,2415049,1.91,0.71,1.11,2
1,0,3,502,2,214,3,679,2415290,2.02,0.71,1.11,2
1,0,3,497,2,181,3,676,2415531,2.04,0.72,1.11,2
1,0,3,483,2,198,3,673,2415809,2.05,0.77,1.06,2
1,0,3,464,2,216,3,673,2416060,2.06,0.81,1.02,2
1,0,3,437,2,218,3,677,2416347,2.09,0.82,1.02,2
1,0,3,425,2,219,3,675,2416625,2.14,0.84,1.03,2
1,0,3,429,2,213,3,667,2416901,2.24,0.87,1.07,2
1,0,3,432,2,219,3,674,2417185,2.41,0.92,1.11,2
1,0,3,427,2,103,3,684,2417419,2.55,0.95,1.13,2
1,0,3,418,2,224,3,706,2417685,2.6,0.95,1.17,2
1,0,3,412,2,223,3,719,2417977,2.62,0.91,1.27,2
1,0,3,406,2,209,3,716,2418232,2.64,0.85,1.36,2
1,0,3,397,2,231,3,695,2418497,2.67,0.76,1.37,2
1,0,3,394,2,232,3,695,2418761,2.69,0.7,1.36,2
1,0,3,387,2,230,3,693,2419054,2.81,0.7,1.31,2
1,0,3,383,2,231,3,693,2419298,2.93,0.72,1.27,2
1,0,3,379,2,237,3,699,2419549,2.98,0.77,1.27,2
1,0,3,372,2,244,3,699,2419799,3.03,0.85,1.27,2
1,0,3,372,2,252,3,705,2420098,3.08,0.9,1.28,2
1,0,3,368,2,256,3,706,2420395,3.12,0.9,1.28,2
1,0,3,372,2,255,3,704,2420652,3.18,0.9,1.28,2
1,0,3,372,2,227,3,702,2420913,3.23,0.9,1.27,2
1,0,3,373,2,263,3,709,2421147,3.27,0.9,1.26,2
1,0,3,371,2,268,3,712,2421403,3.28,0.89,1.25,2
1,0,3,368,2,149,3,709,2421699,3.29,0.88,1.24,2
1,0,3,367,2,266,3,711,2421953,3.28,0.88,1.25,2
1,0,3,356,2,271,3,705,2422211,3.27,0.84,1.29,2
1,0,3,356,2,214,3,704,2422448,3.25,0.79,1.33,2
1,0,3,356,2,275,3,699,2422689,3.24,0.78,1.34,2
1,0,3,351,2,286,3,699,2422921,3.25,0.79,1.33,2
1,0,3,352,2,288,3,697,2423195,3.34,0.87,1.3,2
1,0,3,349,2,287,3,703,2423494,3.42,0.96,1.28,2
1,0,3,343,2,286,3,692,2423778,3.46,1.0,1.27,2
1,0,3,339,2,298,3,698,2424066,3.53,1.07,1.22,2
1,0,3,341,2,287,3,701,2424329,3.6,1.13,1.18,2
1,0,3,338,2,180,3,702,2424608,3.61,1.15,1.18,2
1,0,3,333,2,209,3,709,2424847,3.61,1.15,1.19,2
1,0,3,329,2,306,3,711,2425078,3.58,1.09,1.29,2
1,0,3,326,2,309,3,712,2425351,3.54,0.97,1.42,2
1,0,3,322,2,322,3,722,2425632,3.54,0.91,1.47,2
1,0,3,314,2,0,3,720,2425863,3.54,0.91,1.47,2
1,0,3,315,2,217,3,721,2426115,3.65,0.94,1.4,2
1,0,3,309,2,318,3,717,2426364,3.77,0.96,1.33,2
1,0,3,305,2,319,3,722,2426630,3.82,0.96,1.33,2
1,0,3,293,2,317,3,717,2426923,3.85,0.96,1.33,2
1,0,3,290,2,331,3,715,2427176,3.86,0.96,1.34,2
1,0,3,283,2,363,3,757,2427463,3.89,0.98,1.34,2
1,0,3,238,2,0,3,712,2427738,4.01,1.07,1.33,2
1,0,3,281,2,314,3,760,2428011,4.17,1.13,1.32,2
1,0,3,312,2,330,3,737,2428259,4.28,1.13,1.29,2
1,0,3,314,2,327,3,712,2428502,4.34,1.11,1.29,2
1,0,3,307,2,254,3,746,2428740,4.34,1.08,1.3,2
1,0,3,298,2,241,3,774,2429039,4.28,1.05,1.3,2
1,0,3,294,2,394,3,741,2429331,4.12,0.95,1.29,2
1,0,3,285,2,399,3,745,2429613,4.02,0.85,1.28,2
1,0,3,281,2,387,3,751,2429889,4.02,0.83,1.28,2
1,0,3,283,2,291,3,764,2430120,4.09,0.83,1.24,2
1,0,3,178,2,276,3,760,2430354,4.28,0.87,1.21,2
1,0,3,274,2,295,3,768,2430648,4.4,0.91,1.21,2
1,0,3,266,2,403,3,761,2430931,4.4,0.91,1.3,2
1,0,3,263,2,291,3,766,2431213,4.4,0.82,1.46,2
1,0,3,258,2,405,3,765,2431496,4.4,0.73,1.54,2
1,0,3,251,2,410,3,765,2431768,4.4,0.73,1.54,2
1,0,3,249,2,409,3,770,2432002,4.44,0.79,1.4,2
1,0,3,245,2,409,3,776,2432285,4.6,0.94,1.22,2
1,0,3,236,2,318,3,766,2432517,4.72,1.04,1.18,2
1,0,3,234,2,402,3,760,2432786,4.78,1.05,1.18,2
1,0,3,150,2,417,3,779,2433036,4.84,1.06,1.19,2
1,0,3,238,2,418,3,777,2433270,4.9,1.06,1.23,2
1,0,3,235,2,317,3,781,2433553,4.96,1.06,1.33,2
1,0,3,227,2,315,3,778,2433802,4.96,1.06,1.41,2
1,0,3,228,2,435,3,778,2434087,4.96,1.04,1.41,2
1,0,3,227,2,320,3,784,2434339,4.91,0.95,1.42,2
1,0,3,144,2,328,3,788,2434572,4.83,0.87,1.46,2
1,0,3,129,2,444,3,787,2434823,4.8,0.86,1.5,2
1,0,3,102,2,448,3,789,2435057,4.8,0.87,1.57,2
1,0,3,105,2,450,3,793,2435294,4.95,0.89,1.64,2
1,0,3,227,2,449,3,789,2435539,5.16,0.91,1.68,2
1,0,3,157,2,349,3,788,2435795,5.36,0.98,1.72,2
1,0,3,168,2,450,3,796,2436028,5.49,1.07,1.73,2
1,0,3,213,2,460,3,794,2436307,5.49,1.09,1.72,2
1,0,3,212,2,457,3,790,2436597,5.47,1.1,1.66,2
1,0,3,215,2,355,3,854,2436836,5.42,1.1,1.51,2
1,0,3,219,2,463,3,821,2437093,5.38,1.09,1.4,2
1,0,3,221,2,365,3,812,2437384,5.36,1.02,1.33,2
1,0,3,210,2,465,3,819,2437628,5.35,0.92,1.24,2
1,0,3,213,2,471,3,811,2437866,5.34,0.89,1.22,2
1,0,3,167,2,472,3,818,2438100,5.34,0.89,1.21,2
1,0,3,195,2,476,3,818,2438395,5.37,0.91,1.2,2
1,0,3,204,2,479,3,812,2438678,5.43,0.95,1.19,2
1,0,3,210,2,479,3,813,2438922,5.59,1.06,1.18,2
1,0,3,197,2,478,3,811,2439175,5.72,1.18,1.18,2
1,0,3,230,2,473,3,817,2439470,5.74,1.21,1.18,2
1,0,3,229,2,473,3,811,2439743,5.74,1.23,1.15,2
1,0,3,184,2,471,3,809,2440023,5.72,1.24,1.1,2
1,0,3,219,2,479,3,811,2440262,5.69,1.24,1.07,2
1,0,3,240,2,484,3,810,2440505,5.68,1.24,1.05,2
1,0,3,229,2,489,3,804,2440802,5.67,1.24,1.03,2
1,0,3,228,2,493,3,807,2441075,5.68,1.26,1.02,2
1,0,3,219,2,503,3,806,2441355,5.69,1.31,1.02,2
1,0,3,219,2,500,3,802,2441604,5.71,1.36,1.0,2
1,0,3,225,2,507,3,803,2441899,5.74,1.42,0.98,2
1,0,3,218,2,510,3,804,2442141,5.79,1.49,0.98,2
1,0,3,226,2,512,3,791,2442386,5.84,1.53,0.98,2
1,0,3,215,2,518,3,792,2442670,5.88,1.57,1.0,2
1,0,3,221,2,518,3,787,2442962,5.91,1.63,1.02,2
1,0,3,229,2,526,3,781,2443229,5.94,1.69,1.03,2
1,0,3,224,2,532,3,776,2443493,5.97,1.75,1.06,2
1,0,3,231,2,526,3,775,2443734,5.99,1.83,1.08,2
1,0,3,229,2,543,3,774,2444030,6.01,1.91,1.1,2
1,0,3,236,2,543,3,769,2444320,6.03,1.98,1.12,2
1,0,3,231,2,554,3,766,2444573,6.05,2.06,1.13,2
1,0,3,242,2,548,3,771,2444872,6.09,2.13,1.14,2
1,0,3,248,2,544,3,774,2445138,6.12,2.19,1.15,2
1,0,3,251,2,539,3,772,2445380,6.14,2.26,1.15,2
1,0,3,168,2,539,3,769,2445626,6.15,2.28,1.15,2
1,0,3,244,2,533,3,763,2445891,6.16,2.28,1.16,2
1,0,3,254,2,535,3,760,2446121,6.15,2.25,1.18,2
1,0,3,261,2,537,3,755,2446393,6.13,2.22,1.19,2
1,0,3,201,2,543,3,746,2446671,6.1,2.22,1.19,2
1,0,3,273,2,537,3,744,2446913,6.08,2.24,1.19,2
1,0,3,210,2,537,3,742,2447189,6.05,2.3,1.19,2
1,0,3,272,2,542,3,733,2447450,6.04,2.37,1.2,2
1,0,3,284,2,579,3,736,2447690,6.04,2.41,1.19,2
1,0,3,278,2,549,3,732,2447954,6.04,2.44,1.18,2
1,0,3,285,2,548,3,740,2448245,6.04,2.54,1.19,2
1,0,3,240,2,582,3,737,2448493,6.04,2.64,1.18,2
1,0,3,291,2,560,3,732,2448792,6.05,2.7,1.16,2
1,0,3,186,2,577,3,727,2449045,6.07,2.75,1.15,2
1,0,3,293,2,561,3,726,2449276,6.11,2.75,1.15,2
1,0,3,276,2,564,3,727,2449555,6.13,2.77,1.21,2
1,0,3,306,2,603,3,721,2449854,6.16,2.78,1.28,2
1,0,3,305,2,601,3,719,2450133,6.19,2.79,1.29,2
1,0,3,219,2,600,3,722,2450390,6.19,2.85,1.29,2
1,0,3,312,2,598,3,714,2450659,6.2,2.98,1.28,2
1,0,3,320,2,596,3,721,2450927,6.24,3.07,1.28,2
1,0,3,314,2,595,3,710,2451162,6.28,3.12,1.27,2
1,0,3,234,2,597,3,709,2451402,6.28,3.18,1.25,2
1,0,3,329,2,592,3,712,2451677,6.28,3.19,1.25,2
1,0,3,334,2,600,3,709,2451940,6.26,3.21,1.24,2
1,0,3,333,2,489,3,708,2452198,6.23,3.22,1.23,2
1,0,3,339,2,609,3,701,2452477,6.22,3.23,1.21,2
1,0,3,239,2,613,3,701,2452754,6.12,3.24,1.16,2
1,0,3,365,2,598,3,702,2453015,6.02,3.24,1.1,2
1,0,3,257,2,617,3,693,2453261,6.0,3.25,1.09,2
1,0,3,292,2,617,3,695,2453546,6.02,3.26,1.1,2
1,0,3,339,2,601,3,693,2453780,6.13,3.31,1.19,2
1,0,3,336,2,561,3,688,2454034,6.22,3.38,1.27,2
1,0,3,341,2,591,3,688,2454283,6.22,3.4,1.29,2
1,0,3,264,2,591,3,683,2454545,6.18,3.41,1.27,2
1,0,3,291,2,608,3,683,2454802,6.1,3.41,1.26,2
1,0,3,379,2,608,3,681,2455054,6.05,3.41,1.26,2
1,0,3,361,2,611,3,676,2455340,6.05,3.44,1.26,2
1,0,3,320,2,623,3,678,2455585,6.07,3.49,1.26,2
1,0,3,295,2,630,3,680,2455883,6.1,3.54,1.26,2
1,0,3,293,2,628,3,672,2456170,6.11,3.62,1.26,2
1,0,3,309,2,630,3,673,2456403,6.14,3.67,1.26,2
1,0,3,383,2,635,3,665,2456696,6.19,3.68,1.32,2
1,0,3,388,2,637,3,662,2456991,6.22,3.71,1.37,2
1,0,3,393,2,636,3,662,2457232,6.22,3.74,1.37,2
1,0,3,394,2,629,3,657,2457466,6.21,3.81,1.34,2
1,0,3,326,2,639,3,648,2457726,6.17,3.96,1.26,2
1,0,3,409,2,639,3,648,2457967,6.12,4.07,1.2,2
1,0,3,405,2,640,3,645,2458205,6.08,4.13,1.2,2
1,0,3,414,2,641,3,641,2458445,6.07,4.15,1.2,2
1,0,3,347,2,640,3,642,2458706,6.05,4.17,1.2,2
1,0,3,421,2,640,3,633,2458970,6.04,4.22,1.2,2
1,0,3,422,2,647,3,630,2459242,6.02,4.27,1.19,2
1,0,3,435,2,650,3,630,2459520,6.0,4.3,1.19,2
1,0,3,431,2,656,3,636,2459810,5.98,4.34,1.19,2
1,0,3,446,2,657,3,626,2460067,5.96,4.39,1.18,2
1,0,3,441,2,657,3,627,2460347,5.94,4.48,1.14,2
1,0,3,441,2,659,3,621,2460644,5.92,4.57,1.09,2
1,0,3,437,2,665,3,617,2460886,5.92,4.63,1.09,2
1,0,3,445,2,658,3,616,2461121,5.92,4.66,1.09,2
1,0,3,453,2,642,3,620,2461373,5.91,4.7,1.1,2
1,0,3,448,2,658,3,617,2461626,5.9,4.72,1.1,2
1,0,3,452,2,639,3,614,2461872,5.87,4.73,1.1,2
1,0,3,456,2,634,3,610,2462136,5.85,4.73,1.1,2
1,0,3,410,2,633,3,609,2462382,5.81,4.72,1.09,2
1,0,3,376,2,639,3,605,2462622,5.76,4.71,1.08,2
1,0,3,403,2,647,3,608,2462902,5.73,4.67,1.08,2
1,0,3,473,2,642,3,603,2463166,5.73,4.59,1.13,2
1,0,3,358,2,672,3,600,2463425,5.75,4.54,1.21,2
1,0,3,479,2,647,3,598,2463669,5.76,4.54,1.24,2
1,0,3,484,2,684,3,603,2463937,5.77,4.54,1.24,2
1,0,3,384,2,654,3,600,2464223,5.78,4.61,1.24,2
1,0,3,498,2,671,3,595,2464473,5.78,4.72,1.24,2
1,0,3,497,2,671,3,602,2464712,5.78,4.8,1.2,2
1,0,3,502,2,690,3,597,2464948,5.78,4.89,1.15,2
1,0,3,505,2,688,3,594,2465216,5.77,4.96,1.13,2
1,0,3,507,2,696,3,591,2465507,5.76,5.0,1.12,2
1,0,3,510,2,714,3,592,2465774,5.76,5.12,1.1,2
1,0,3,516,2,696,3,584,2466060,5.77,5.25,1.07,2
1,0,3,516,2,722,3,590,2466306,5.77,5.32,1.07,2
1,0,3,524,2,710,3,590,2466595,5.78,5.39,1.08,2
1,0,3,423,2,722,3,590,2466831,5.8,5.41,1.09,2
1,0,3,529,2,729,3,587,2467124,5.81,5.44,1.1,2
1,0,3,531,2,728,3,589,2467415,5.85,5.47,1.15,2
1,0,3,540,2,710,3,590,2467685,5.89,5.49,1.2,2
1,0,3,539,2,737,3,587,2467952,5.91,5.5,1.2,2
1,0,3,540,2,711,3,585,2468229,5.91,5.51,1.19,2
1,0,3,436,2,711,3,583,2468504,5.88,5.53,1.16,2
1,0,3,435,2,701,3,590,2468755,5.84,5.55,1.14,2
1,0,3,559,2,736,3,584,2469036,5.84,5.55,1.14,2
1,0,3,508,2,737,3,583,2469275,5.86,5.48,1.18,2
1,0,3,566,2,713,3,582,2469558,5.88,5.42,1.22,2
1,0,3,569,2,718,3,588,2469789,5.88,5.42,1.22,2
1,0,3,569,2,735,3,582,2470060,5.86,5.51,1.19,2
1,0,3,504,2,758,3,580,2470336,5.82,5.69,1.1,2
1,0,3,585,2,725,3,585,2470585,5.79,5.8,1.04,2
1,0,3,482,2,758,3,589,2470858,5.79,5.81,1.04,2
1,0,3,594,2,730,3,579,2471134,5.79,5.83,1.04,2
1,0,3,476,2,729,3,576,2471393,5.82,5.84,1.09,2
1,0,3,604,2,752,3,568,2471682,5.86,5.84,1.14,2
1,0,3,597,2,734,3,575,2471966,5.86,5.84,1.14,2
1,0,3,609,2,768,3,567,2472198,5.85,5.84,1.14,2
1,0,3,609,2,739,3,567,2472466,5.79,5.91,1.1,2
1,0,3,602,2,743,3,567,2472729,5.72,6.02,1.05,2
1,0,3,603,2,789,3,571,2472990,5.69,6.15,1.02,2
1,0,3,484,2,737,3,570,2473222,5.67,6.24,1.0,2
1,0,3,610,2,739,3,571,2473460,5.67,6.24,1.0,2
1,0,3,611,2,743,3,571,2473693,5.7,6.18,1.03,2
1,0,3,605,2,749,3,569,2473953,5.73,6.12,1.07,2
1,0,3,608,2,771,3,570,2474224,5.73,6.12,1.07,2
1,0,3,607,2,740,3,568,2474469,5.71,6.12,1.05,2
2,0,1,0,2,241,3,653,221345,-0.15,0.84,1.08,2
2,0,1,0,2,232,3,647,221641,-0.15,0.84,1.08,2
3,952,1,0,2,240,3,654,221916,-0.15,0.84,1.08,2
3,944,1,0,2,235,3,648,222183,-0.15,0.84,1.08,2
3,954,1,0,2,235,3,654,222413,-0.15,0.84,1.08,2
3,0,1,0,2,233,3,656,222706,-0.16,0.84,1.08,2
3,952,1,0,2,236,3,651,222965,-0.18,0.84,1.09,2
3,0,1,0,2,234,3,653,223243,-0.18,0.82,1.1,2
2,0,1,0,2,238,3,649,223527,-0.18,0.82,1.1,2
2,0,1,0,2,230,3,653,223807,-0.18,0.82,1.1,2
2,0,1,0,2,234,3,647,224046,-0.16,0.82,1.09,2
3,944,1,0,2,229,3,653,224343,-0.14,0.82,1.08,2
3,0,1,0,2,226,3,651,224633,-0.11,0.83,1.07,2
2,0,1,0,2,223,3,655,224885,-0.06,0.83,1.07,2
2,0,1,0,2,221,3,646,225138,-0.04,0.83,1.07,2
3,936,1,0,2,219,3,657,225409,-0.03,0.83,1.08,2
3,938,1,0,2,217,3,648,225641,-0.02,0.82,1.08,2
3,0,1,0,2,218,3,657,225879,0.01,0.82,1.09,2
2,0,1,0,2,219,3,651,226170,0.03,0.81,1.11,2
2,0,1,0,2,218,3,648,226427,0.04,0.81,1.12,2
2,0,1,0,2,217,3,647,226669,0.04,0.8,1.12,2
2,0,1,0,2,217,3,645,226944,0.04,0.79,1.11,2
2,0,1,0,2,215,3,653,227205,0.02,0.39,0.55,2
2,0,1,0,2,216,3,655,227496,0.0,0.0,0.0,2
2,0,1,0,2,221,3,654,227775,0.0,0.0,0.0,2
3,912,1,0,2,219,3,650,228046,0.0,0.0,0.0,2
3,0,1,0,2,219,3,650,228311,0.0,0.0,0.0,2
2,0,1,0,2,222,3,657,228572,0.14,0.42,0.5,2
3,905,1,0,2,225,3,653,228833,0.29,0.85,1.0,2
3,918,1,0,2,223,3,650,229090,0.29,0.85,1.0,2
3,889,1,0,2,219,3,647,229343,0.29,0.85,0.99,2
3,901,1,0,2,226,3,652,229585,0.3,0.86,0.98,2
3,902,1,0,2,194,3,670,229832,0.34,0.86,0.98,2
3,869,1,0,2,205,3,683,230076,0.36,0.86,0.97,2
3,856,1,0,2,217,3,677,230310,0.39,0.85,0.95,2
3,889,1,0,2,219,3,690,230569,0.55,0.81,0.94,2
3,0,1,0,2,200,3,681,230815,0.77,0.76,0.9,2
3,870,1,0,2,197,3,681,231056,0.93,0.7,0.86,2
3,0,1,0,2,196,3,687,231297,1.03,0.65,0.85,2
2,0,1,0,2,201,3,682,231544,1.09,0.65,0.85,2
3,852,1,0,2,205,3,677,231822,1.14,0.65,0.87,2
3,0,1,0,2,224,3,676,232062,1.16,0.65,0.89,2
2,0,1,0,2,191,3,674,232325,1.23,0.65,0.89,2
3,850,1,0,2,185,3,671,232573,1.32,0.67,0.89,2
3,852,1,0,2,182,3,668,232814,1.35,0.71,0.9,2
3,847,1,0,2,183,3,674,233057,1.35,0.72,0.9,2
3,842,1,0,2,182,3,684,233297,1.35,0.72,0.92,2
3,836,1,0,2,181,3,688,233540,1.35,0.72,0.99,2
3,838,1,0,2,185,3,689,233806,1.37,0.71,1.03,2
3,0,1,0,2,188,3,690,234076,1.44,0.68,1.04,2
3,830,1,0,2,187,3,692,234356,1.54,0.65,1.04,2
3,0,1,0,2,187,3,693,234608,1.62,0.62,1.04,2
3,835,1,0,2,189,3,692,234855,1.69,0.6,1.04,2
3,824,1,0,2,191,3,692,235088,1.74,0.6,1.03,2
3,826,1,0,2,191,3,690,235355,1.76,0.6,1.03,2
3,824,1,0,2,191,3,696,235623,1.8,0.6,1.03,2
3,825,1,0,2,198,3,697,235917,1.83,0.6,1.02,2
3,816,1,0,2,198,3,700,236202,1.85,0.61,1.02,2
3,813,1,0,2,201,3,699,236487,1.88,0.61,1.01,2
3,823,1,0,2,208,3,705,236766,1.93,0.6,1.01,2
3,811,1,0,2,204,3,699,237027,1.99,0.59,1.0,2
3,821,1,0,2,208,3,700,237283,2.04,0.59,0.99,2
3,813,1,0,2,206,3,702,237526,2.08,0.59,0.98,2
3,814,1,0,2,210,3,699,237766,2.1,0.59,0.97,2
3,797,1,0,2,212,3,699,238042,2.11,0.59,0.95,2
3,806,1,0,2,212,3,700,238337,2.11,0.6,0.95,2
3,773,1,0,2,218,3,698,238580,2.14,0.61,0.95,2
3,797,1,0,2,218,3,701,238859,2.19,0.62,0.95,2
3,797,1,0,2,220,3,706,239150,2.27,0.65,0.96,2
3,785,1,0,2,223,3,705,239429,2.35,0.67,0.97,2
3,754,1,0,2,229,3,711,239690,2.39,0.67,0.98,2
3,752,1,0,2,231,3,708,239976,2.44,0.68,0.98,2
3,744,1,0,2,232,3,713,240254,2.52,0.68,0.99,2
3,750,1,0,2,231,3,711,240517,2.64,0.69,1.02,2
3,0,1,0,2,234,3,716,240766,2.78,0.71,1.07,2
3,750,1,0,2,240,3,720,241007,2.9,0.73,1.12,2
3,741,1,0,2,237,3,721,241276,2.95,0.73,1.14,2
3,753,1,0,2,246,3,716,241543,2.98,0.73,1.14,2
3,748,1,0,2,249,3,721,241841,3.01,0.72,1.14,2
3,749,1,0,2,257,3,725,242071,3.04,0.72,1.13,2
3,743,1,0,2,248,3,723,242304,3.06,0.72,1.11,2
3,746,1,0,2,250,3,724,242556,3.1,0.72,1.1,2
3,747,1,0,2,252,3,727,242804,3.12,0.72,1.08,2
3,749,1,0,2,267,3,717,243079,3.14,0.72,1.08,2
3,744,1,0,2,272,3,716,243313,3.16,0.72,1.07,2
3,733,1,0,2,269,3,720,243573,3.17,0.72,1.06,2
3,746,1,0,2,269,3,711,243818,3.18,0.73,1.03,2
3,731,1,0,2,274,3,705,244111,3.19,0.76,1.0,2
3,732,1,0,2,279,3,705,244368,3.21,0.79,0.97,2
3,723,1,0,2,279,3,705,244603,3.22,0.83,0.95,2
3,724,1,0,2,280,3,711,244834,3.22,0.87,0.95,2
3,735,1,0,2,284,3,711,245122,3.22,0.91,0.94,2
3,734,1,0,2,288,3,718,245357,3.25,0.93,0.93,2
3,726,1,0,2,290,3,742,245653,3.28,0.93,0.93,2
3,706,1,0,2,297,3,722,245885,3.31,0.93,0.93,2
3,713,1,0,2,297,3,753,246140,3.37,0.9,0.94,2
3,703,1,0,2,296,3,759,246410,3.45,0.86,0.95,2
3,699,1,0,2,304,3,765,246652,3.56,0.84,0.99,2
3,706,1,0,2,308,3,767,246908,3.69,0.8,1.06,2
3,704,1,0,2,304,3,774,247180,3.81,0.78,1.12,2
3,707,1,0,2,313,3,768,247443,3.9,0.74,1.16,2
3,703,1,0,2,312,3,779,247711,3.98,0.7,1.18,2
3,700,1,0,2,311,3,767,247978,4.02,0.68,1.18,2
3,700,1,0,2,317,3,733,248227,4.04,0.67,1.18,2
3,706,1,0,2,316,3,729,248465,4.04,0.67,1.18,2
3,705,1,0,2,316,3,728,248707,4.03,0.7,1.16,2
3,702,1,0,2,322,3,748,248993,4.0,0.77,1.11,2
3,703,1,0,2,327,3,745,249228,3.93,0.85,1.05,2
3,703,1,0,2,333,3,790,249507,3.89,0.89,1.01,2
3,699,1,0,2,337,3,799,249752,3.89,0.89,1.01,2
3,701,1,0,2,376,3,804,250025,3.96,0.85,1.02,2
3,700,1,0,2,349,3,807,250257,4.11,0.76,1.05,2
3,700,1,0,2,367,3,804,250501,4.27,0.68,1.09,2
3,701,1,0,2,336,3,799,250741,4.42,0.61,1.1,2
3,698,1,0,2,356,3,802,251023,4.5,0.57,1.11,2
3,698,1,0,2,340,3,800,251272,4.52,0.57,1.12,2
3,702,1,0,2,383,3,807,251525,4.53,0.57,1.13,2
3,696,1,0,2,373,3,803,251771,4.53,0.57,1.13,2
3,697,1,0,2,386,3,798,252067,4.53,0.57,1.13,2
3,690,1,0,2,392,3,800,252300,4.56,0.58,1.11,2
3,688,1,0,2,389,3,791,252575,4.62,0.6,1.07,2
3,687,1,0,2,376,3,796,252807,4.68,0.64,1.03,2
3,684,1,0,2,377,3,797,253090,4.72,0.68,1.0,2
3,686,1,0,2,370,3,795,253374,4.72,0.71,1.0,2
3,680,1,0,2,367,3,789,253670,4.72,0.73,1.01,2
3,675,1,0,2,394,3,796,253936,4.72,0.74,1.03,2
3,677,1,0,2,420,3,793,254211,4.71,0.74,1.04,2
3,670,1,0,2,420,3,793,254460,4.71,0.75,1.04,2
3,673,1,0,2,426,3,793,254727,4.74,0.79,1.03,2
3,669,1,0,2,427,3,796,254970,4.82,0.83,1.0,2
3,670,1,0,2,427,3,794,255254,4.91,0.88,0.95,2
3,672,1,0,2,436,3,794,255523,4.99,0.91,0.9,2
3,664,1,0,2,454,3,803,255797,5.03,0.93,0.89,2
3,667,1,0,2,444,3,801,256096,5.05,0.94,0.88,2
3,665,1,0,2,437,3,802,256345,5.09,0.95,0.86,2
3,663,1,0,2,445,3,804,256607,5.14,0.97,0.86,2
3,664,1,0,2,450,3,809,256902,5.18,0.97,0.86,2
3,668,1,0,2,452,3,815,257190,5.22,0.97,0.86,2
3,656,1,0,2,459,3,844,257453,5.24,0.96,0.87,2
3,660,1,0,2,455,3,850,257689,5.26,0.95,0.89,2
3,655,1,0,2,457,3,838,257947,5.33,0.93,0.91,2
3,658,1,0,2,463,3,840,258209,5.43,0.88,0.96,2
3,657,1,0,2,459,3,844,258508,5.5,0.84,1.0,2
3,673,1,0,2,467,3,845,258793,5.57,0.82,1.02,2
3,715,1,0,2,469,3,844,259092,5.6,0.82,1.02,2
3,720,1,0,2,468,3,850,259355,5.6,0.81,1.02,2
3,712,1,0,2,477,3,851,259585,5.58,0.77,0.98,2
3,660,1,0,2,482,3,867,259873,5.56,0.67,0.92,2
3,656,1,0,2,474,3,863,260109,5.56,0.61,0.89,2
3,663,1,0,2,0,3,875,260350,5.57,0.6,0.89,2
3,663,1,0,2,473,3,833,260601,5.62,0.6,0.91,2
3,669,1,0,2,479,3,827,260847,5.7,0.63,0.96,2
3,666,1,0,2,480,3,817,261112,5.72,0.71,0.99,2
3,684,1,0,2,487,3,820,261409,5.72,0.78,0.99,2
3,648,1,0,2,494,3,820,261701,5.68,0.82,0.95,2
3,0,1,0,2,497,3,817,261936,5.63,0.88,0.86,2
3,666,1,0,2,505,3,825,262198,5.62,0.94,0.79,2
3,0,1,0,2,506,3,866,262480,5.62,0.99,0.78,2
3,633,1,0,2,510,3,852,262773,5.64,1.03,0.78,2
3,631,1,0,2,519,3,839,263069,5.75,1.04,0.82,2
3,621,1,0,2,524,3,846,263332,5.87,1.05,0.88,2
3,616,1,0,2,528,3,841,263616,5.96,1.05,0.91,2
3,0,1,0,2,533,3,843,263911,6.05,1.08,0.92,2
3,611,1,0,2,537,3,836,264167,6.11,1.15,0.93,2
3,609,1,0,2,511,3,841,264402,6.13,1.21,0.94,2
3,603,1,0,2,490,3,832,264676,6.14,1.27,0.94,2
3,0,1,0,2,496,3,829,264940,6.14,1.3,0.95,2
3,595,1,0,2,498,3,824,265241,6.13,1.31,0.98,2
3,592,1,0,2,505,3,826,265472,6.07,1.32,1.01,2
3,593,1,0,2,512,3,823,265742,6.01,1.32,1.03,2
3,585,1,0,2,518,3,825,266032,5.99,1.34,1.05,2
3,580,1,0,2,519,3,812,266271,5.99,1.39,1.05,2
3,573,1,0,2,524,3,822,266511,6.0,1.44,1.05,2
3,576,1,0,2,523,3,816,266795,6.04,1.49,1.03,2
3,565,1,0,2,528,3,825,267054,6.07,1.54,1.02,2
3,567,1,0,2,535,3,840,267333,6.09,1.59,1.02,2
3,559,1,0,2,545,3,826,267580,6.12,1.63,1.03,2
3,552,1,0,2,556,3,836,267873,6.17,1.64,1.04,2
3,555,1,0,2,568,3,829,268112,6.23,1.66,1.06,2
3,550,1,0,2,573,3,794,268367,6.3,1.7,1.06,2
3,549,1,0,2,575,3,794,268652,6.38,1.74,1.05,2
3,545,1,0,2,530,3,785,268939,6.41,1.83,1.01,2
3,538,1,0,2,522,3,799,269229,6.41,1.93,0.95,2
3,539,1,0,2,582,3,783,269491,6.36,2.0,0.92,2
3,527,1,0,2,579,3,788,269771,6.25,2.04,0.92,2
3,527,1,0,2,582,3,729,270012,6.2,2.07,0.91,2
3,521,1,0,2,580,3,737,270258,6.19,2.11,0.91,2
3,517,1,0,2,578,3,741,270488,6.19,2.21,0.86,2
3,516,1,0,2,582,3,743,270770,6.16,2.38,0.74,2
3,514,1,0,2,581,3,742,271019,6.1,2.52,0.65,2
3,508,1,0,2,585,3,734,271306,6.05,2.61,0.63,2
3,506,1,0,2,579,3,744,271549,6.03,2.66,0.62,2
3,504,1,0,2,580,3,741,271830,6.03,2.67,0.62,2
3,496,1,0,2,566,3,742,272117,6.04,2.69,0.64,2
3,493,1,0,2,582,3,723,272403,6.05,2.7,0.65,2
3,487,1,0,2,586,3,721,272700,6.05,2.71,0.69,2
3,484,1,0,2,585,3,715,272949,6.04,2.73,0.71,2
3,471,1,0,2,590,3,714,273232,6.02,2.78,0.71,2
3,478,1,0,2,590,3,714,273486,5.99,2.85,0.7,2
3,476,1,0,2,590,3,718,273754,5.97,2.94,0.68,2
3,452,1,0,2,593,3,719,274023,5.96,3.01,0.66,2
3,477,1,0,2,594,3,703,274269,5.96,3.05,0.66,2
3,444,1,0,2,593,3,710,274506,5.97,3.08,0.67,2
3,0,1,0,2,602,3,706,274797,5.99,3.11,0.69,2
3,425,1,0,2,607,3,704,275037,6.0,3.14,0.72,2
3,449,1,0,2,608,3,699,275274,6.01,3.2,0.73,2
3,448,1,0,2,607,3,698,275512,6.01,3.28,0.74,2
3,454,1,0,2,607,3,698,275801,6.02,3.36,0.74,2
3,442,1,0,2,610,3,698,276050,6.02,3.4,0.74,2
3,441,1,0,2,599,3,690,276312,6.01,3.42,0.71,2
3,446,1,0,2,614,3,688,276607,5.98,3.42,0.67,2
3,438,1,0,2,603,3,688,276868,5.96,3.43,0.65,2
3,438,1,0,2,583,3,683,277111,5.94,3.44,0.65,2
3,429,1,0,2,592,3,679,277365,5.92,3.47,0.65,2
3,430,1,0,2,575,3,675,277655,5.89,3.48,0.67,2
3,421,1,0,2,570,3,669,277916,5.85,3.48,0.69,2
3,422,1,0,2,567,3,674,278194,5.82,3.48,0.74,2
3,420,1,0,2,573,3,677,278462,5.77,3.48,0.8,2
3,417,1,0,2,583,3,673,278728,5.73,3.48,0.85,2
3,413,1,0,2,585,3,665,279021,5.72,3.49,0.89,2
3,416,1,0,2,575,3,665,279291,5.72,3.5,0.91,2
3,410,1,0,2,583,3,659,279586,5.72,3.52,0.91,2
3,400,1,0,2,581,3,659,279862,5.72,3.56,0.9,2
3,400,1,0,2,583,3,653,280105,5.71,3.6,0.9,2
3,398,1,0,2,588,3,651,280372,5.69,3.65,0.9,2
3,394,1,0,2,604,3,648,280649,5.67,3.68,0.9,2
3,389,1,0,2,592,3,647,280935,5.66,3.72,0.9,2
3,384,1,0,2,594,3,647,281215,5.66,3.79,0.89,2
3,383,1,0,2,598,3,633,281491,5.66,3.84,0.88,2
3,380,1,0,2,606,3,633,281740,5.65,3.89,0.88,2
3,377,1,0,2,608,3,633,282023,5.64,3.94,0.88,2
3,369,1,0,2,614,3,630,282299,5.63,3.99,0.88,2
3,371,1,0,2,613,3,628,282561,5.61,4.04,0.87,2
3,370,1,0,2,634,3,631,282802,5.6,4.11,0.85,2
3,365,1,0,2,620,3,628,283072,5.6,4.17,0.84,2
3,360,1,0,2,617,3,626,283328,5.61,4.22,0.82,2
3,355,1,0,2,622,3,626,283586,5.62,4.27,0.81,2
3,352,1,0,2,625,3,617,283875,5.62,4.3,0.81,2
3,348,1,0,2,629,3,618,284124,5.62,4.33,0.81,2
3,345,1,0,2,631,3,618,284397,5.62,4.35,0.84,2
3,342,1,0,2,627,3,611,284685,5.61,4.39,0.86,2
3,338,1,0,2,632,3,610,284959,5.61,4.44,0.86,2
3,333,1,0,2,634,3,610,285197,5.6,4.49,0.87,2
3,335,1,0,2,638,3,610,285433,5.59,4.53,0.87,2
3,331,1,0,2,641,3,609,285672,5.59,4.56,0.88,2
3,328,1,0,2,648,3,605,285960,5.59,4.6,0.89,2
3,325,1,0,2,651,3,605,286236,5.59,4.63,0.89,2
3,318,1,0,2,657,3,601,286480,5.59,4.68,0.88,2
3,313,1,0,2,656,3,608,286779,5.59,4.72,0.87,2
3,310,1,0,2,0,3,599,287061,5.59,4.78,0.86,2
3,310,1,0,2,663,3,600,287338,5.6,4.83,0.86,2
3,303,1,0,2,0,3,599,287605,5.61,4.87,0.87,2
3,303,1,0,2,670,3,594,287846,5.61,4.91,0.89,2
3,297,1,0,2,672,3,595,288115,5.61,4.94,0.89,2
3,294,1,0,2,677,3,595,288369,5.62,4.99,0.89,2
3,291,1,0,2,676,3,594,288609,5.62,5.05,0.89,2
3,283,1,0,2,683,3,594,288841,5.62,5.11,0.89,2
3,280,1,0,2,685,3,594,289082,5.62,5.15,0.89,2
3,281,1,0,2,689,3,590,289346,5.63,5.19,0.9,2
3,266,1,0,2,691,3,592,289606,5.65,5.23,0.92,2
3,258,1,0,2,695,3,592,289850,5.66,5.27,0.92,2
3,254,1,0,2,696,3,588,290119,5.67,5.32,0.94,2
3,250,1,0,2,704,3,589,290388,5.69,5.37,0.96,2
3,273,1,0,2,711,3,592,290671,5.7,5.41,0.99,2
3,239,1,0,2,717,3,587,290909,5.72,5.47,1.0,2
3,232,1,0,2,718,3,581,291145,5.73,5.51,1.01,2
3,251,1,0,2,727,3,586,291403,5.73,5.57,1.01,2
3,229,1,0,2,738,3,587,291682,5.74,5.64,1.0,2
3,231,1,0,2,732,3,582,291931,5.74,5.71,1.01,2
3,284,1,0,2,739,3,579,292223,5.74,5.79,1.01,2
3,280,1,0,2,742,3,584,292507,5.74,5.86,1.0,2
3,267,1,0,2,752,3,590,292757,5.73,5.9,0.94,2
3,258,1,0,2,744,3,588,293006,5.7,5.93,0.86,2
3,263,1,0,2,754,3,587,293272,5.69,5.96,0.78,2
3,258,1,0,2,766,3,588,293532,5.69,5.97,0.72,2
3,249,1,0,2,759,3,579,293800,5.69,5.99,0.71,2
3,251,1,0,2,762,3,579,294067,5.7,6.04,0.71,2
3,247,1,0,2,764,3,580,294358,5.7,6.1,0.72,2
3,242,1,0,2,771,3,583,294622,5.7,6.16,0.74,2
3,245,1,0,2,792,3,583,294866,5.7,6.22,0.75,2
3,245,1,0,2,776,3,582,295112,5.7,6.26,0.76,2
3,242,1,0,2,798,3,584,295357,5.71,6.32,0.76,2
3,238,1,0,2,784,3,582,295608,5.72,6.38,0.76,2
3,234,1,0,2,779,3,579,295850,5.73,6.45,0.76,2
3,233,1,0,2,776,3,578,296145,5.74,6.5,0.76,2
3,225,1,0,2,790,3,575,296389,5.74,6.51,0.77,2
3,222,1,0,2,792,3,577,296678,5.74,6.51,0.79,2
3,225,1,0,2,762,3,577,296911,5.74,6.51,0.82,2
3,221,1,0,2,794,3,576,297164,5.74,6.51,0.85,2
3,221,1,0,2,744,3,579,297451,5.74,6.51,0.88,2
3,940,3,647,1,0,3,654,891817,0.31,0.67,1.14,2
3,0,3,642,1,0,3,654,892101,0.31,0.66,1.14,2
3,923,3,637,1,0,3,650,892362,0.32,0.66,1.14,2
3,935,3,628,1,0,3,648,892654,0.34,0.66,1.13,2
3,917,3,625,1,0,3,654,892898,0.38,0.68,1.12,2
3,922,3,623,1,0,3,658,893133,0.4,0.7,1.12,2
3,916,3,617,1,0,3,651,893413,0.45,0.7,1.12,2
3,919,3,614,1,0,3,648,893665,0.49,0.69,1.13,2
3,929,3,603,1,0,3,650,893949,0.53,0.68,1.13,2
3,916,3,605,1,0,3,645,894245,0.57,0.67,1.14,2
3,920,3,596,1,0,3,653,894524,0.6,0.67,1.15,2
3,917,3,600,1,0,3,637,894807,0.63,0.66,1.17,2
3,0,3,590,1,0,3,634,895097,0.66,0.66,1.18,2
3,896,3,581,1,0,3,656,895351,0.69,0.66,1.19,2
3,0,3,580,1,0,3,654,895579,0.72,0.69,1.19,2
3,888,3,574,1,0,3,661,895866,0.79,0.72,1.19,2
3,884,3,570,1,0,3,659,896107,0.87,0.72,1.16,2
3,883,3,560,1,0,3,653,896404,0.98,0.72,1.14,2
3,886,3,561,1,0,3,648,896651,1.05,0.7,1.13,2
3,870,3,560,1,0,3,651,896925,1.09,0.69,1.13,2
3,874,3,560,1,0,3,656,897171,1.12,0.69,1.15,2
3,901,3,549,1,0,3,659,897432,1.14,0.69,1.17,2
3,876,3,575,1,0,3,656,897718,1.17,0.68,1.17,2
3,876,3,554,1,0,3,673,898017,1.18,0.67,1.17,2
3,864,3,544,1,0,3,681,898312,1.18,0.67,1.17,2
3,861,3,562,1,0,3,684,898602,1.19,0.65,1.16,2
3,857,3,532,1,0,3,685,898886,1.23,0.61,1.15,2
3,853,3,530,1,0,3,686,899138,1.28,0.6,1.11,2
3,860,3,529,1,0,3,682,899428,1.37,0.57,1.08,2
3,853,3,526,1,0,3,680,899669,1.47,0.55,1.07,2
3,849,3,521,1,0,3,676,899900,1.53,0.55,1.07,2
3,844,3,524,1,0,3,682,900149,1.58,0.55,1.08,2
3,850,3,516,1,0,3,678,900442,1.62,0.56,1.1,2
3,846,3,511,1,0,3,675,900711,1.64,0.57,1.1,2
3,840,3,510,1,0,3,674,900961,1.66,0.58,1.1,2
3,846,3,509,1,0,3,672,901212,1.69,0.59,1.11,2
3,829,3,500,1,0,3,699,901506,1.72,0.6,1.11,2
3,841,3,500,1,0,3,689,901789,1.74,0.6,1.12,2
3,835,3,496,1,0,3,689,902061,1.78,0.6,1.12,2
3,837,3,484,1,0,3,689,902318,1.83,0.59,1.11,2
3,837,3,485,1,0,3,689,902575,1.88,0.57,1.11,2
3,828,3,478,1,0,3,688,902838,1.93,0.55,1.11,2
3,829,3,474,1,0,3,693,903134,1.97,0.53,1.12,2
3,831,3,464,1,0,3,691,903379,2.0,0.53,1.13,2
3,835,3,465,1,0,3,691,903639,2.05,0.53,1.14,2
3,819,3,453,1,0,3,686,903907,2.1,0.53,1.15,2
3,821,3,456,1,0,3,691,904142,2.14,0.52,1.16,2
3,824,3,460,1,0,3,693,904388,2.18,0.52,1.18,2
3,814,3,449,1,0,3,690,904647,2.22,0.52,1.18,2
3,827,3,449,1,0,3,694,904895,2.25,0.53,1.19,2
3,819,3,445,1,0,3,697,905192,2.28,0.53,1.19,2
3,809,3,443,1,0,3,696,905437,2.31,0.53,1.19,2
3,785,3,433,1,0,3,691,905668,2.33,0.53,1.19,2
3,817,3,432,1,0,3,692,905902,2.37,0.53,1.19,2
3,799,3,437,1,0,3,695,906158,2.42,0.55,1.19,2
3,812,3,431,1,0,3,696,906445,2.47,0.57,1.18,2
3,766,3,429,1,0,3,695,906690,2.5,0.58,1.18,2
3,766,3,425,1,0,3,700,906984,2.53,0.6,1.18,2
3,774,3,424,1,0,3,702,907244,2.55,0.61,1.17,2
3,765,3,423,1,0,3,706,907522,2.61,0.64,1.15,2
3,776,3,428,1,0,3,713,907808,2.68,0.68,1.11,2
3,750,3,418,1,0,3,708,908059,2.75,0.71,1.08,2
3,751,3,429,1,0,3,715,908310,2.8,0.72,1.05,2
3,745,3,419,1,0,3,715,908567,2.82,0.74,1.03,2
3,749,3,423,1,0,3,722,908829,2.87,0.75,1.0,2
3,747,3,414,1,0,3,727,909088,2.91,0.76,0.96,2
3,743,3,411,1,0,3,728,909361,2.96,0.78,0.93,2
3,742,3,411,1,0,3,724,909615,3.01,0.78,0.89,2
3,744,3,399,1,0,3,726,909875,3.05,0.78,0.88,2
3,742,3,399,1,0,3,717,910117,3.1,0.78,0.88,2
3,745,3,414,1,0,3,712,910356,3.13,0.78,0.89,2
3,742,3,398,1,0,3,713,910606,3.15,0.78,0.9,2
3,739,3,390,1,0,3,706,910859,3.15,0.79,0.92,2
3,743,3,414,1,0,3,711,911146,3.15,0.8,0.95,2
3,747,3,380,1,0,3,706,911400,3.14,0.81,0.97,2
3,744,3,380,1,0,3,712,911630,3.15,0.83,0.99,2
3,749,3,385,1,0,3,704,911895,3.15,0.83,1.01,2
3,746,3,383,1,0,3,703,912182,3.16,0.82,1.04,2
3,744,3,411,1,0,3,700,912422,3.16,0.82,1.07,2
3,755,3,355,1,0,3,705,912675,3.16,0.81,1.08,2
3,745,3,333,1,0,3,694,912934,3.16,0.8,1.11,2
3,748,3,374,1,0,3,707,913209,3.18,0.8,1.13,2
3,760,3,338,1,0,3,699,913477,3.22,0.8,1.17,2
3,755,3,334,1,0,3,701,913748,3.24,0.79,1.21,2
3,724,3,329,1,0,3,708,914016,3.3,0.77,1.26,2
3,715,3,332,1,0,3,744,914249,3.36,0.75,1.3,2
3,725,3,329,1,0,3,760,914491,3.39,0.75,1.3,2
3,708,3,359,1,0,3,769,914747,3.49,0.75,1.29,2
3,706,3,370,1,0,3,758,915038,3.64,0.75,1.24,2
3,734,3,349,1,0,3,768,915300,3.77,0.75,1.11,2
3,711,3,355,1,0,3,791,915567,3.86,0.75,0.95,2
3,699,3,348,1,0,3,728,915838,3.88,0.75,0.86,2
3,701,3,350,1,0,3,740,916115,3.88,0.76,0.84,2
3,701,3,358,1,0,3,749,916359,3.88,0.77,0.83,2
3,702,3,340,1,0,3,736,916589,3.88,0.79,0.82,2
3,703,3,342,1,0,3,736,916864,3.88,0.84,0.83,2
3,700,3,337,1,0,3,733,917147,3.87,0.9,0.88,2
3,699,3,328,1,0,3,732,917399,3.86,0.92,0.91,2
3,704,3,322,1,0,3,737,917671,3.86,0.93,0.93,2
3,702,3,311,1,0,3,754,917910,3.87,0.92,0.97,2
3,702,3,305,1,0,3,747,918163,3.89,0.92,1.02,2
3,706,3,294,1,0,3,807,918449,3.93,0.91,1.03,2
3,700,3,287,1,0,3,803,918713,4.0,0.88,1.03,2
3,696,3,280,1,0,3,804,918971,4.11,0.82,1.03,2
3,701,3,278,1,0,3,804,919239,4.27,0.75,1.0,2
3,702,3,270,1,0,3,795,919498,4.43,0.7,0.96,2
3,700,3,267,1,0,3,800,919776,4.58,0.66,0.95,2
3,697,3,264,1,0,3,802,920006,4.66,0.64,0.95,2
3,695,3,261,1,0,3,788,920259,4.67,0.64,0.97,2
3,698,3,253,1,0,3,800,920494,4.69,0.64,1.0,2
3,694,3,250,1,0,3,785,920779,4.69,0.65,1.04,2
3,690,3,247,1,0,3,789,921052,4.71,0.65,1.06,2
3,683,3,244,1,0,3,786,921311,4.73,0.66,1.09,2
3,687,3,241,1,0,3,788,921599,4.74,0.68,1.13,2
3,679,3,235,1,0,3,779,921866,4.76,0.7,1.15,2
3,683,3,235,1,0,3,781,922136,4.78,0.72,1.17,2
3,681,3,233,1,0,3,789,922411,4.8,0.75,1.19,2
3,676,3,232,1,0,3,789,922686,4.82,0.78,1.21,2
3,675,3,234,1,0,3,782,922948,4.84,0.78,1.23,2
3,672,3,239,1,0,3,788,923227,4.86,0.79,1.23,2
3,668,3,242,1,0,3,793,923526,4.88,0.8,1.23,2
3,673,3,252,1,0,3,798,923788,4.91,0.82,1.22,2
3,669,3,248,1,0,3,798,924062,4.93,0.84,1.19,2
3,672,3,212,1,0,3,869,924328,4.94,0.85,1.15,2
3,670,3,240,1,0,3,812,924621,4.96,0.85,1.1,2
3,667,3,212,1,0,3,815,924899,5.08,0.83,1.05,2
3,671,3,205,1,0,3,817,925165,5.2,0.81,1.02,2
3,664,3,243,1,0,3,819,925417,5.25,0.8,1.02,2
3,657,3,232,1,0,3,823,925666,5.29,0.8,1.04,2
3,664,3,226,1,0,3,831,925918,5.32,0.81,1.06,2
3,654,3,227,1,0,3,830,926204,5.34,0.83,1.06,2
3,657,3,220,1,0,3,914,926499,5.36,0.84,1.04,2
3,651,3,221,1,0,3,846,926771,5.39,0.86,0.98,2
3,644,3,213,1,0,3,869,927068,5.57,0.88,0.9,2
3,684,3,217,1,0,3,887,927319,5.77,0.88,0.85,2
3,694,3,213,1,0,3,853,927602,5.82,0.88,0.84,2
3,687,3,207,1,0,3,838,927885,5.83,0.85,0.84,2
3,667,3,203,1,0,3,848,928127,5.83,0.79,0.87,2
3,652,3,197,1,0,3,861,928382,5.77,0.71,0.93,2
3,650,3,198,1,0,3,852,928653,5.72,0.67,1.0,2
3,646,3,195,1,0,3,858,928932,5.72,0.67,1.03,2
3,655,3,198,1,0,3,847,929181,5.73,0.72,1.03,2
3,656,3,197,1,0,3,812,929479,5.75,0.81,1.05,2
3,688,3,197,1,0,3,819,929743,5.77,0.86,1.06,2
3,642,3,195,1,0,3,803,930028,5.77,0.86,1.07,2
3,633,3,194,1,0,3,832,930274,5.69,0.87,1.12,2
3,636,3,200,1,0,3,802,930542,5.55,0.88,1.19,2
3,630,3,200,1,0,3,828,930812,5.49,0.89,1.22,2
3,626,3,210,1,0,3,818,931068,5.49,0.92,1.22,2
3,628,3,206,1,0,3,836,931325,5.56,1.0,1.2,2
3,632,3,213,1,0,3,827,931562,5.66,1.08,1.15,2
3,634,3,214,1,0,3,805,931847,5.7,1.11,1.1,2
3,640,3,216,1,0,3,837,932097,5.7,1.12,1.06,2
3,633,3,225,1,0,3,820,932334,5.71,1.12,1.04,2
3,631,3,217,1,0,3,823,932588,5.7,1.11,1.02,2
3,627,3,228,1,0,3,823,932884,5.7,1.11,1.0,2
3,622,3,222,1,0,3,826,933116,5.7,1.11,0.99,2
3,620,3,207,1,0,3,805,933403,5.7,1.12,0.99,2
3,611,3,234,1,0,3,801,933663,5.7,1.15,0.97,2
3,609,3,233,1,0,3,800,933936,5.7,1.19,0.97,2
3,607,3,235,1,0,3,809,934181,5.69,1.23,0.97,2
3,593,3,230,1,0,3,813,934431,5.68,1.29,0.97,2
3,600,3,230,1,0,3,790,934724,5.68,1.33,0.97,2
3,592,3,233,1,0,3,769,934993,5.67,1.39,0.96,2
3,599,3,227,1,0,3,772,935253,5.66,1.45,0.96,2
3,558,3,229,1,0,3,769,935545,5.66,1.48,0.96,2
3,576,3,234,1,0,3,773,935800,5.61,1.51,0.99,2
3,580,3,238,1,0,3,793,936075,5.57,1.56,1.03,2
3,570,3,245,1,0,3,759,936365,5.57,1.64,1.05,2
3,548,3,254,1,0,3,783,936631,5.6,1.68,1.05,2
3,562,3,261,1,0,3,759,936874,5.64,1.73,1.04,2
3,626,3,261,1,0,3,786,937115,5.65,1.77,1.0,2
3,543,3,267,1,0,3,784,937413,5.67,1.79,0.95,2
3,528,3,268,1,0,3,785,937682,5.68,1.83,0.91,2
3,537,3,271,1,0,3,781,937969,5.69,1.86,0.86,2
3,522,3,274,1,0,3,779,938237,5.71,1.89,0.81,2
3,529,3,276,1,0,3,767,938513,5.8,1.95,0.8,2
3,523,3,280,1,0,3,778,938748,5.95,2.1,0.8,2
3,525,3,280,1,0,3,770,939030,6.05,2.24,0.79,2
3,519,3,278,1,0,3,772,939265,6.05,2.27,0.79,2
3,518,3,286,1,0,3,764,939512,6.04,2.3,0.79,2
3,512,3,283,1,0,3,738,939778,6.04,2.33,0.79,2
3,508,3,287,1,0,3,736,940040,6.03,2.35,0.79,2
3,506,3,291,1,0,3,729,940293,5.98,2.38,0.81,2
3,502,3,300,1,0,3,731,940544,5.9,2.41,0.83,2
3,509,3,301,1,0,3,725,940819,5.82,2.45,0.86,2
3,499,3,307,1,0,3,721,941101,5.74,2.49,0.87,2
3,499,3,312,1,0,3,723,941377,5.69,2.53,0.87,2
3,506,3,307,1,0,3,715,941646,5.66,2.56,0.87,2
3,491,3,322,1,0,3,717,941914,5.64,2.6,0.85,2
3,489,3,323,1,0,3,717,942178,5.62,2.62,0.83,2
3,477,3,328,1,0,3,711,942477,5.6,2.65,0.82,2
3,467,3,337,1,0,3,707,942743,5.6,2.7,0.8,2
3,473,3,340,1,0,3,703,943021,5.61,2.75,0.79,2
3,463,3,346,1,0,3,700,943261,5.64,2.83,0.78,2
3,459,3,340,1,0,3,697,943555,5.66,2.92,0.77,2
3,458,3,344,1,0,3,699,943834,5.66,2.99,0.77,2
3,448,3,333,1,0,3,693,944102,5.66,3.05,0.77,2
3,450,3,337,1,0,3,694,944373,5.67,3.09,0.77,2
3,445,3,343,1,0,3,684,944653,5.67,3.12,0.8,2
3,436,3,346,1,0,3,683,944904,5.68,3.14,0.84,2
3,438,3,342,1,0,3,683,945136,5.68,3.16,0.87,2
3,433,3,345,1,0,3,680,945429,5.68,3.2,0.89,2
3,428,3,349,1,0,3,678,945669,5.67,3.24,0.91,2
3,424,3,0,1,0,3,675,945946,5.67,3.27,0.92,2
3,418,2,0,1,0,3,677,946243,5.67,3.31,0.93,2
3,422,2,0,1,0,3,674,946515,5.67,3.34,0.95,2
3,414,2,0,1,0,3,667,946749,5.67,3.35,0.96,2
3,414,3,355,1,0,3,676,947035,5.68,3.37,0.97,2
3,414,3,368,1,0,3,666,947263,5.69,3.4,0.98,2
3,404,3,374,1,0,3,657,947518,5.69,3.45,0.96,2
3,401,3,379,1,0,3,657,947795,5.68,3.51,0.95,2
3,400,3,383,1,0,3,657,948056,5.67,3.56,0.95,2
3,387,3,0,1,0,3,657,948334,5.67,3.61,0.95,2
3,386,3,421,1,0,3,644,948636,5.66,3.66,0.95,2
3,381,3,418,1,0,3,644,948874,5.65,3.72,0.94,2
3,379,3,418,1,0,3,637,949107,5.65,3.8,0.9,2
3,380,3,428,1,0,3,635,949390,5.65,3.91,0.85,2
3,375,3,428,1,0,3,634,949627,5.64,4.02,0.82,2
3,375,3,434,1,0,3,628,949921,5.6,4.08,0.8,2
3,375,3,435,1,0,3,628,950164,5.58,4.12,0.8,2
3,369,3,463,1,0,3,634,950442,5.56,4.15,0.8,2
3,368,3,427,1,0,3,625,950690,5.54,4.18,0.79,2
3,355,3,462,1,0,3,621,950926,5.54,4.23,0.77,2
3,358,3,429,1,0,3,624,951172,5.54,4.28,0.76,2
3,356,3,426,1,0,3,625,951408,5.54,4.31,0.76,2
3,347,3,435,1,0,3,618,951685,5.54,4.34,0.77,2
3,339,3,437,1,0,3,612,951955,5.55,4.36,0.83,2
3,337,3,439,1,0,3,614,952243,5.56,4.37,0.88,2
3,335,3,449,1,0,3,612,952499,5.57,4.37,0.93,2
3,329,3,453,1,0,3,616,952766,5.57,4.39,0.97,2
3,329,3,461,1,0,3,608,953043,5.57,4.44,0.98,2
3,325,3,461,1,0,3,607,953316,5.58,4.5,0.98,2
3,316,3,476,1,0,3,606,953554,5.59,4.55,0.97,2
3,318,3,479,1,0,3,609,953810,5.59,4.61,0.95,2
3,308,3,481,1,0,3,605,954090,5.6,4.67,0.94,2
3,308,3,489,1,0,3,605,954367,5.6,4.74,0.92,2
3,301,3,486,1,0,3,610,954605,5.61,4.8,0.92,2
3,299,3,494,1,0,3,605,954897,5.63,4.86,0.91,2
3,294,3,496,1,0,3,604,955170,5.65,4.92,0.91,2
3,291,3,498,1,0,3,600,955430,5.67,4.96,0.91,2
3,287,3,503,1,0,3,602,955722,5.68,5.01,0.91,2
3,285,3,505,1,0,3,599,955980,5.69,5.05,0.92,2
3,283,3,507,1,0,3,597,956265,5.7,5.1,0.93,2
3,276,3,516,1,0,3,594,956541,5.7,5.14,0.93,2
3,276,3,515,1,0,3,595,956832,5.7,5.18,0.94,2
3,268,3,519,1,0,3,598,957077,5.7,5.22,0.95,2
3,268,3,524,1,0,3,592,957340,5.7,5.26,0.95,2
3,280,3,521,1,0,3,595,957631,5.7,5.3,0.95,2
3,272,3,527,1,0,3,594,957902,5.71,5.35,0.95,2
3,285,3,524,1,0,3,595,958157,5.71,5.38,0.95,2
3,249,3,530,1,0,3,590,958416,5.71,5.39,0.95,2
3,247,3,535,1,0,3,589,958668,5.71,5.41,0.94,2
3,272,3,538,1,0,3,591,958963,5.71,5.42,0.94,2
3,225,3,541,1,0,3,587,959213,5.72,5.47,0.95,2
3,215,3,545,1,0,3,588,959454,5.72,5.51,0.97,2
3,265,3,549,1,0,3,589,959727,5.75,5.57,1.01,2
3,279,3,548,1,0,3,587,959978,5.76,5.65,1.04,2
3,274,3,558,1,0,3,587,960257,5.76,5.69,1.04,2
3,271,3,561,1,0,3,589,960530,5.76,5.69,1.03,2
3,269,3,566,1,0,3,592,960769,5.73,5.7,0.97,2
3,263,3,564,1,0,3,594,961053,5.7,5.7,0.86,2
3,260,3,571,1,0,3,588,961326,5.69,5.7,0.8,2
3,256,3,570,1,0,3,584,961564,5.69,5.72,0.79,2
3,250,3,575,1,0,3,583,961858,5.69,5.77,0.79,2
3,245,3,573,1,0,3,577,962130,5.7,5.81,0.8,2
3,246,3,583,1,0,3,583,962380,5.7,5.85,0.82,2
3,245,3,586,1,0,3,579,962673,5.7,5.89,0.85,2
3,243,3,592,1,0,3,581,962941,5.69,5.93,0.88,2
3,235,3,596,1,0,3,580,963237,5.69,5.97,0.89,2
3,234,3,604,1,0,3,578,963501,5.69,6.02,0.89,2
3,233,3,604,1,0,3,578,963740,5.7,6.07,0.89,2
3,226,3,610,1,0,3,580,964033,5.71,6.13,0.89,2
3,227,3,612,1,0,3,575,964314,5.71,6.19,0.89,2
3,225,3,614,1,0,3,578,964592,5.72,6.25,0.9,2
3,225,3,606,1,0,3,579,964850,5.73,6.3,0.91,2
3,227,3,609,1,0,3,583,965106,5.73,6.34,0.92,2
3,229,3,607,1,0,3,580,965339,5.74,6.35,0.92,2
3,228,3,606,1,0,3,579,965625,5.75,6.35,0.93,2
2,0,3,673,2,236,1,0,628118,0.0,0.0,0.0,2
2,0,3,661,2,239,1,0,628369,0.0,0.0,0.0,2
2,0,3,650,2,232,1,0,628614,0.0,0.0,0.0,2
2,0,3,709,2,229,1,0,628875,0.0,0.0,0.0,2
3,939,3,645,2,232,1,0,629159,0.0,0.0,0.0,2
3,929,3,650,2,225,1,0,629409,0.0,0.0,0.0,2
3,0,3,640,2,231,1,0,629696,0.15,0.26,0.42,2
2,0,3,633,2,224,1,0,629958,0.32,0.51,0.84,2
2,0,3,631,2,227,1,0,630223,0.34,0.51,0.84,2
3,924,3,623,2,224,1,0,630501,0.48,0.43,0.81,2
3,0,3,617,2,217,1,0,630770,0.61,0.35,0.78,2
3,933,3,614,2,215,1,0,631069,0.67,0.32,0.78,2
3,916,3,613,2,212,1,0,631314,0.74,0.29,0.78,2
3,0,3,604,2,213,1,0,631597,0.81,0.22,0.78,2
2,0,3,603,2,218,1,0,631845,0.86,0.16,0.79,2
2,0,3,598,2,212,1,0,632081,0.9,0.14,0.8,2
3,909,3,596,2,217,1,0,632339,0.95,0.14,0.8,2
3,0,3,645,2,218,1,0,632574,0.98,0.14,0.8,2
2,0,3,584,2,214,1,0,632861,0.98,0.18,0.8,2
2,0,3,578,2,213,1,0,633158,1.0,0.22,0.79,2
2,0,3,587,2,213,1,0,633408,1.0,0.22,0.79,2
3,918,3,582,2,103,1,0,633709,0.99,0.22,0.79,2
3,901,3,610,2,220,1,0,633989,1.02,0.17,0.79,2
3,890,3,577,2,219,1,0,634285,1.08,0.13,0.89,2
3,881,3,557,2,195,1,0,634535,1.11,0.13,1.0,2
3,888,3,554,2,192,1,0,634818,1.15,0.17,1.01,2
3,885,3,551,2,188,1,0,635090,1.18,0.21,1.0,2
3,890,3,594,2,137,1,0,635378,1.25,0.22,0.99,2
3,868,3,539,2,217,1,0,635666,1.34,0.23,1.0,2
3,880,3,540,2,233,1,0,635948,1.38,0.23,0.97,2
3,862,3,527,2,115,1,0,636201,1.44,0.23,0.97,2
3,850,3,531,2,195,1,0,636481,1.47,0.23,1.01,2
3,848,3,550,2,247,1,0,636763,1.49,0.25,1.0,2
3,838,3,567,2,229,1,0,637019,1.55,0.26,0.96,2
3,830,3,522,2,191,1,0,637273,1.64,0.3,0.93,2
3,837,3,513,2,192,1,0,637564,1.68,0.45,0.92,2
3,833,3,513,2,193,1,0,637801,1.69,0.58,0.92,2
3,0,3,503,2,191,1,0,638085,1.7,0.62,0.91,2
2,0,3,505,2,183,1,0,638326,1.74,0.62,0.91,2
2,0,3,498,2,189,1,0,638591,1.83,0.56,0.96,2
2,0,3,496,2,188,1,0,638837,1.9,0.48,1.01,2
3,834,3,482,2,189,1,0,639094,1.92,0.45,1.02,2
3,831,3,483,2,188,1,0,639358,1.95,0.41,1.04,2
3,828,3,481,2,193,1,0,639619,2.01,0.36,1.07,2
3,825,3,475,2,188,1,0,639906,2.08,0.34,1.09,2
3,825,3,470,2,193,1,0,640145,2.13,0.33,1.09,2
3,815,3,461,2,189,1,0,640407,2.18,0.33,1.11,2
3,807,3,459,2,202,1,0,640680,2.22,0.33,1.12,2
3,801,3,456,2,204,1,0,640941,2.26,0.34,1.12,2
3,817,3,458,2,202,1,0,641236,2.31,0.35,1.13,2
3,809,3,452,2,204,1,0,641478,2.36,0.38,1.13,2
3,804,3,454,2,204,1,0,641766,2.41,0.4,1.13,2
3,809,3,446,2,203,1,0,642065,2.44,0.41,1.12,2
3,0,3,441,2,218,1,0,642336,2.47,0.41,1.11,2
3,806,3,439,2,215,1,0,642610,2.48,0.39,1.11,2
3,808,3,442,2,216,1,0,642902,2.52,0.37,1.11,2
3,779,3,441,2,215,1,0,643172,2.56,0.37,1.11,2
3,754,3,430,2,218,1,0,643456,2.6,0.37,1.1,2
3,792,3,434,2,223,1,0,643699,2.63,0.4,1.1,2
3,783,3,429,2,214,1,0,643939,2.65,0.49,1.1,2
3,771,3,433,2,275,1,0,644236,2.67,0.56,1.09,2
3,751,3,429,2,227,1,0,644518,2.69,0.61,1.09,2
3,740,3,424,2,231,1,0,644770,2.74,0.64,1.05,2
3,742,3,411,2,229,1,0,645057,2.78,0.64,1.01,2
3,745,3,482,2,230,1,0,645354,2.79,0.72,1.01,2
3,746,3,433,2,236,1,0,645635,2.79,0.83,1.02,2
3,739,3,451,2,241,1,0,645910,2.75,0.95,1.03,2
3,745,3,439,2,243,1,0,646150,2.7,1.04,1.03,2
3,740,3,405,2,243,1,0,646410,2.7,1.05,1.03,2
3,738,3,415,2,246,1,0,646695,2.7,1.05,1.02,2
3,734,3,420,2,256,1,0,646959,2.75,1.04,1.02,2
3,734,3,364,2,248,1,0,647202,2.81,1.02,1.02,2
3,735,3,369,2,263,1,0,647432,2.88,1.0,1.02,2
3,732,3,365,2,260,1,0,647724,3.0,0.94,1.06,2
3,741,3,357,2,268,1,0,647989,3.12,0.87,1.09,2
3,737,3,362,2,271,1,0,648275,3.22,0.83,1.12,2
3,740,3,355,2,274,1,0,648505,3.34,0.75,1.14,2
3,742,3,354,2,268,1,0,648755,3.42,0.69,1.15,2
3,0,3,357,2,272,1,0,649012,3.46,0.67,1.15,2
3,744,3,354,2,278,1,0,649309,3.49,0.63,1.15,2
3,738,3,348,2,260,1,0,649606,3.51,0.61,1.15,2
3,744,3,347,2,286,1,0,649880,3.52,0.59,1.15,2
3,751,3,348,2,283,1,0,650124,3.53,0.58,1.15,2
3,748,3,343,2,288,1,0,650386,3.55,0.57,1.15,2
3,712,3,342,2,283,1,0,650639,3.58,0.56,1.15,2
3,724,3,337,2,296,1,0,650888,3.61,0.56,1.15,2
3,748,3,338,2,189,1,0,651153,3.63,0.56,1.15,2
3,718,3,355,2,303,1,0,651448,3.63,0.58,1.15,2
3,711,3,342,2,300,1,0,651726,3.62,0.61,1.19,2
3,696,3,338,2,308,1,0,651964,3.6,0.66,1.23,2
3,697,3,341,2,308,1,0,652209,3.6,0.7,1.23,2
3,699,3,341,2,310,1,0,652504,3.61,0.74,1.23,2
3,690,3,325,2,317,1,0,652741,3.69,0.85,1.14,2
3,701,3,328,2,316,1,0,653025,3.78,0.93,1.05,2
3,695,3,326,2,326,1,0,653306,3.82,0.95,1.05,2
3,695,3,314,2,324,1,0,653603,3.86,0.95,1.05,2
3,695,3,303,2,319,1,0,653865,3.9,0.94,1.05,2
3,701,3,298,2,327,1,0,654136,3.96,0.93,1.06,2
3,697,3,291,2,386,1,0,654380,4.01,0.9,1.06,2
3,696,3,321,2,326,1,0,654630,4.06,0.86,1.07,2
3,698,3,339,2,329,1,0,654922,4.14,0.84,1.07,2
3,699,3,328,2,335,1,0,655205,4.19,0.83,1.06,2
3,699,3,288,2,332,1,0,655438,4.19,0.83,1.03,2
3,702,3,284,2,349,1,0,655672,4.18,0.83,1.02,2
3,700,3,270,2,372,1,0,655915,4.17,0.83,1.02,2
3,695,3,262,2,389,1,0,656155,4.17,0.82,1.02,2
3,698,3,260,2,382,1,0,656415,4.26,0.77,1.05,2
3,699,3,266,2,355,1,0,656706,4.44,0.7,1.07,2
3,699,3,252,2,356,1,0,656998,4.59,0.65,1.08,2
3,697,3,244,2,347,1,0,657283,4.65,0.63,1.09,2
3,689,3,272,2,359,1,0,657581,4.65,0.63,1.12,2
3,693,3,259,2,373,1,0,657872,4.64,0.63,1.18,2
3,683,3,258,2,378,1,0,658131,4.63,0.63,1.23,2
3,685,3,289,2,397,1,0,658389,4.63,0.64,1.23,2
3,684,3,239,2,401,1,0,658633,4.64,0.67,1.21,2
3,677,3,225,2,423,1,0,658923,4.66,0.71,1.12,2
3,679,3,206,2,427,1,0,659154,4.73,0.74,1.05,2
3,677,3,212,2,448,1,0,659427,4.85,0.74,1.05,2
3,671,3,216,2,390,1,0,659678,5.0,0.72,1.05,2
3,668,3,206,2,392,1,0,659975,5.15,0.7,1.09,2
3,668,3,212,2,437,1,0,660232,5.23,0.69,1.15,2
3,670,3,265,2,435,1,0,660477,5.24,0.69,1.18,2
3,669,3,253,2,432,1,0,660775,5.23,0.71,1.18,2
3,680,3,229,2,429,1,0,661065,5.23,0.75,1.17,2
3,673,3,223,2,438,1,0,661336,5.23,0.79,1.1,2
3,660,3,227,2,442,1,0,661613,5.22,0.8,1.02,2
3,652,3,225,2,466,1,0,661905,5.23,0.8,0.99,2
3,660,3,235,2,481,1,0,662168,5.26,0.8,0.97,2
3,674,3,226,2,455,1,0,662409,5.33,0.81,0.95,2
3,663,3,220,2,451,1,0,662639,5.43,0.83,0.94,2
3,677,3,213,2,453,1,0,662910,5.5,0.85,0.94,2
3,679,3,216,2,456,1,0,663202,5.51,0.85,0.94,2
3,657,3,213,2,458,1,0,663447,5.52,0.82,0.95,2
3,695,3,214,2,460,1,0,663678,5.53,0.76,0.98,2
3,647,3,234,2,464,1,0,663917,5.53,0.75,1.01,2
3,631,3,218,2,465,1,0,664171,5.54,0.75,1.01,2
3,657,3,209,2,469,1,0,664446,5.55,0.75,0.99,2
3,660,3,208,2,476,1,0,664724,5.55,0.82,0.98,2
3,644,3,235,2,471,1,0,664959,5.57,0.88,0.98,2
3,648,3,199,2,481,1,0,665253,5.6,0.9,0.98,2
3,637,3,195,2,483,1,0,665514,5.63,0.93,0.98,2
3,644,3,198,2,488,1,0,665811,5.67,0.96,0.98,2
3,653,3,193,2,492,1,0,666070,5.72,0.96,1.0,2
3,659,3,197,2,494,1,0,666337,5.76,0.94,1.01,2
3,671,3,198,2,501,1,0,666620,5.82,0.93,1.02,2
3,627,3,197,2,507,1,0,666872,5.88,0.91,1.03,2
3,632,3,194,2,508,1,0,667157,5.92,0.9,1.03,2
3,638,3,198,2,514,1,0,667405,5.96,0.9,1.03,2
3,653,3,203,2,517,1,0,667667,6.0,0.91,1.02,2
3,647,3,202,2,519,1,0,667940,6.04,0.94,1.01,2
3,646,3,200,2,526,1,0,668206,6.08,0.96,1.0,2
3,645,3,205,2,528,1,0,668482,6.11,0.96,0.98,2
3,639,3,207,2,517,1,0,668752,6.14,0.96,0.96,2
3,639,3,212,2,493,1,0,668992,6.16,0.96,0.93,2
3,635,3,209,2,491,1,0,669241,6.16,0.96,0.92,2
3,643,3,209,2,498,1,0,669472,6.13,0.98,0.92,2
3,629,3,219,2,507,1,0,669729,6.06,1.01,0.93,2
3,628,3,225,2,515,1,0,670008,5.97,1.03,0.93,2
3,619,3,229,2,518,1,0,670251,5.94,1.05,0.93,2
3,618,3,226,2,524,1,0,670543,5.94,1.09,0.92,2
3,615,3,214,2,526,1,0,670808,5.96,1.13,0.88,2
3,617,3,226,2,532,1,0,671092,6.0,1.2,0.84,2
3,632,3,226,2,533,1,0,671341,6.04,1.25,0.83,2
3,624,3,227,2,540,1,0,671634,6.09,1.26,0.82,2
3,615,3,226,2,545,1,0,671915,6.13,1.26,0.82,2
3,636,3,227,2,560,1,0,672165,6.17,1.26,0.81,2
3,606,3,235,2,575,1,0,672425,6.21,1.26,0.78,2
3,593,3,237,2,584,1,0,672707,6.27,1.26,0.76,2
3,591,3,243,2,586,1,0,672991,6.36,1.27,0.74,2
3,0,3,251,2,547,1,0,673286,6.46,1.32,0.73,2
3,609,3,245,2,572,1,0,673543,6.51,1.4,0.71,2
3,555,3,251,2,572,1,0,673841,6.51,1.5,0.7,2
3,544,3,254,2,585,1,0,674087,6.51,1.57,0.69,2
3,552,3,255,2,583,1,0,674328,6.51,1.63,0.69,2
3,520,3,260,2,585,1,0,674607,6.51,1.77,0.71,2
3,518,3,265,2,587,1,0,674860,6.52,1.87,0.73,2
3,511,3,266,2,586,1,0,675114,6.52,1.99,0.77,2
3,505,3,272,2,590,1,0,675398,6.52,2.14,0.81,2
3,507,3,281,2,590,1,0,675676,6.52,2.22,0.83,2
3,507,3,278,2,589,1,0,675937,6.52,2.32,0.84,2
3,499,3,283,2,568,1,0,676232,6.5,2.4,0.84,2
3,495,3,284,2,589,1,0,676473,6.49,2.44,0.84,2
3,500,3,292,2,579,1,0,676758,6.45,2.48,0.84,2
3,494,3,299,2,592,1,0,677025,6.4,2.52,0.83,2
3,496,3,293,2,597,1,0,677256,6.39,2.54,0.82,2
3,493,3,299,2,597,1,0,677516,6.39,2.58,0.81,2
3,480,3,307,2,599,1,0,677764,6.39,2.62,0.79,2
3,474,3,305,2,599,1,0,678045,6.39,2.64,0.78,2
3,474,3,305,2,602,1,0,678312,6.41,2.67,0.77,2
3,465,3,312,2,602,1,0,678573,6.43,2.72,0.77,2
3,461,3,316,2,606,1,0,678864,6.43,2.77,0.78,2
3,466,3,326,2,608,1,0,679158,6.42,2.83,0.79,2
3,454,3,336,2,612,1,0,679419,6.42,2.89,0.79,2
3,451,3,336,2,617,1,0,679657,6.42,2.93,0.79,2
3,450,3,342,2,615,1,0,679946,6.41,2.99,0.78,2
3,445,3,360,2,618,1,0,680221,6.4,3.06,0.75,2
3,446,3,371,2,619,1,0,680478,6.39,3.11,0.73,2
3,442,3,338,2,619,1,0,680726,6.37,3.18,0.7,2
3,439,3,331,2,620,1,0,680975,6.35,3.25,0.69,2
3,436,3,334,2,625,1,0,681219,6.35,3.28,0.69,2
3,427,3,351,2,610,1,0,681485,6.35,3.28,0.69,2
3,431,3,333,2,629,1,0,681722,6.38,3.29,0.72,2
3,427,3,267,2,620,1,0,681966,6.41,3.29,0.78,2
3,418,3,348,2,590,1,0,682219,6.41,3.28,0.82,2
3,422,3,0,2,578,1,0,682508,6.41,3.28,0.89,2
3,411,2,0,2,577,1,0,682792,6.41,3.26,0.96,2
3,411,2,0,2,576,1,0,683086,6.39,3.24,0.97,2
3,408,2,0,2,579,1,0,683329,6.31,3.24,0.98,2
3,409,2,0,2,583,1,0,683580,6.07,3.24,0.98,2
3,398,3,437,2,593,1,0,683868,5.58,3.24,0.84,2
3,398,3,416,2,588,1,0,684145,5.27,3.35,0.69,2
3,401,3,399,2,622,1,0,684386,5.27,3.72,0.69,2
3,392,3,395,2,592,1,0,684653,5.3,3.98,0.7,2
3,390,3,410,2,596,1,0,684891,5.44,3.98,0.71,2
3,380,3,375,2,591,1,0,685166,5.57,3.98,0.73,2
3,376,3,388,2,596,1,0,685411,5.63,3.96,0.76,2
3,385,3,375,2,600,1,0,685686,5.69,3.93,0.81,2
3,372,3,385,2,607,1,0,685968,5.73,3.91,0.89,2
3,368,3,409,2,604,1,0,686229,5.76,3.9,0.94,2
3,373,3,412,2,611,1,0,686508,5.79,3.91,0.96,2
3,366,3,410,2,612,1,0,686803,5.81,3.93,0.96,2
3,363,3,411,2,618,1,0,687044,5.81,3.97,0.95,2
3,360,3,415,2,619,1,0,687282,5.8,4.03,0.94,2
3,356,3,347,2,624,1,0,687580,5.78,4.07,0.93,2
3,358,3,422,2,626,1,0,687849,5.78,4.09,0.93,2
3,351,3,424,2,625,1,0,688119,5.87,4.11,0.96,2
3,354,3,437,2,623,1,0,688394,5.95,4.13,0.98,2
3,348,3,350,2,633,1,0,688664,5.95,4.14,0.98,2
3,345,3,443,2,633,1,0,688899,5.95,4.16,0.98,2
3,336,3,444,2,636,1,0,689194,5.94,4.19,0.97,2
3,333,3,469,2,635,1,0,689451,5.93,4.22,0.97,2
3,332,3,473,2,641,1,0,689744,5.92,4.27,0.96,2
3,330,3,481,2,643,1,0,689982,5.9,4.34,0.96,2
3,326,3,477,2,647,1,0,690217,5.76,4.5,0.91,2
3,322,3,474,2,650,1,0,690447,5.6,4.66,0.86,2
3,316,3,479,2,651,1,0,690705,5.57,4.74,0.86,2
3,314,3,487,2,660,1,0,690998,5.57,4.79,0.86,2
3,310,3,492,2,665,1,0,691278,5.57,4.82,0.86,2
3,311,3,490,2,664,1,0,691551,5.59,4.85,0.86,2
3,305,3,495,2,670,1,0,691792,5.62,4.89,0.86,2
3,306,3,494,2,670,1,0,692082,5.63,4.93,0.86,2
3,296,3,499,2,670,1,0,692342,5.64,4.98,0.86,2
3,294,3,502,2,675,1,0,692639,5.66,5.01,0.86,2
3,291,3,504,2,672,1,0,692869,5.66,5.04,0.86,2
3,282,3,502,2,678,1,0,693124,5.66,5.07,0.87,2
3,279,3,506,2,687,1,0,693369,5.66,5.11,0.89,2
3,278,3,426,2,685,1,0,693644,5.67,5.13,0.92,2
3,269,3,518,2,690,1,0,693917,5.68,5.13,0.94,2
3,260,3,520,2,693,1,0,694193,5.81,5.15,0.98,2
3,259,3,522,2,698,1,0,694481,5.94,5.17,1.02,2
3,255,3,520,2,700,1,0,694757,5.95,5.18,1.03,2
3,233,3,533,2,706,1,0,695009,5.95,5.2,1.03,2
3,254,3,525,2,718,1,0,695262,5.9,5.33,1.05,2
3,251,3,534,2,726,1,0,695554,5.85,5.47,1.05,2
3,224,3,531,2,731,1,0,695808,5.85,5.51,1.06,2
3,271,3,538,2,737,1,0,696086,5.88,5.53,1.06,2
3,262,3,543,2,740,1,0,696376,5.94,5.57,1.05,2
3,293,3,547,2,743,1,0,696611,6.02,5.59,1.0,2
3,257,3,551,2,738,1,0,696868,6.07,5.6,0.94,2
3,268,3,551,2,741,1,0,697159,6.08,5.61,0.86,2
3,272,3,554,2,747,1,0,697446,6.08,5.61,0.77,2
3,257,3,563,2,748,1,0,697744,6.07,5.63,0.73,2
3,255,3,566,2,755,1,0,697978,6.05,5.65,0.73,2
3,255,3,569,2,734,1,0,698234,6.04,5.69,0.74,2
3,248,3,573,2,767,1,0,698474,6.03,5.75,0.75,2
3,249,3,577,2,764,1,0,698722,6.01,5.79,0.76,2
3,245,3,588,2,775,1,0,698974,5.99,5.85,0.77,2
3,243,3,588,2,748,1,0,699204,5.99,5.9,0.78,2
3,240,3,598,2,776,1,0,699490,5.99,5.95,0.78,2
3,238,3,596,2,782,1,0,699742,5.99,6.01,0.79,2
3,237,3,603,2,786,1,0,700032,5.97,6.07,0.79,2
3,229,3,608,2,791,1,0,700325,5.96,6.13,0.79,2
3,228,3,612,2,790,1,0,700569,5.96,6.18,0.79,2
3,232,3,522,2,781,1,0,700828,6.01,6.2,0.79,2
3,229,3,616,2,766,1,0,701109,6.06,6.2,0.8,2
3,227,3,609,2,761,1,0,701350,6.07,6.19,0.81,2
3,224,3,612,2,790,1,0,701587,6.07,6.17,0.83,2
